,box_1_max,box_2_max,box_3_max,box_4_max,box_5_max
A.3_pfail,0.1597013771533966,0.1597013771533966,0.1597013771533966,0.20977266877889633,0.9997985549271108
A.1_pfail,0.34175533056259155,0.9996848134323956,0.9996848134323956,0.9996848134323956,0.9996848134323956
A.2_pfail,0.9993904745206236,0.48960116505622864,0.9993904745206236,0.9993904745206236,0.9993904745206236
