,box_1_max,box_2_max,box_3_max,box_4_max,box_5_max,box_6_max,box_7_max,box_8_max,box_9_max,box_10_max,box_11_max,box_12_max,box_13_max,box_14_max
A.3_pfail,0.19416986405849457,0.4226362854242325,0.4226362854242325,0.32823389768600464,0.4226362854242325,0.5363428294658661,0.6502876877784729,0.7570594549179077,0.998822166584432,0.998822166584432,0.998822166584432,0.606772392988205,0.8065605759620667,0.998822166584432
A.1_pfail,0.3467113971710205,0.3467113971710205,0.998965362086892,0.998965362086892,0.998965362086892,0.998965362086892,0.998965362086892,0.998965362086892,0.998965362086892,0.4846383035182953,0.4846383035182953,0.998965362086892,0.998965362086892,0.998965362086892
A.1_Bmax,349.6081465482712,349.6081465482712,349.6081465482712,349.6081465482712,349.6081465482712,349.6081465482712,349.6081465482712,349.6081465482712,349.6081465482712,136.23700714111328,349.6081465482712,349.6081465482712,349.6081465482712,349.6081465482712
A.2_pfail,0.9992654966190456,0.9992654966190456,0.20181762427091599,0.9992654966190456,0.9992654966190456,0.4767245054244995,0.4767245054244995,0.4767245054244995,0.4767245054244995,0.9992654966190456,0.9992654966190456,0.9992654966190456,0.9992654966190456,0.9992654966190456
