,box_1_max,box_2_max,box_3_max,box_4_max,box_5_max
A.3_pfail,0.17164792865514755,0.17164792865514755,0.17164792865514755,0.22045215964317322,0.998822166584432
A.1_pfail,0.3404737710952759,0.998965362086892,0.998965362086892,0.998965362086892,0.998965362086892
A.2_pfail,0.9992654966190456,0.50148606300354,0.9992654966190456,0.9992654966190456,0.9992654966190456
